aaadapter.com, $8196 (USD)
aaagolfworld.com, $1626 (USD)
aaallways.com, $7366 (USD)
aaalphaleadacademy.com, $201 (USD)
aaamro.com, $1133 (USD)
aaarconsultancy.com, $264 (USD)
aaastarssports.com, $776 (USD)
aaaverse.com, $6619 (USD)
aabchddf.com, Less than 200$
aablk.com, $795 (USD)
aabzhn.com, $364 (USD)
aacoventure.com, $398 (USD)
aadhars.com, $1537 (USD)
aadhunikmovers.com, $1150 (USD)
aadhyatmikam.com, $1075 (USD)
aadilogics.com, $987 (USD)
aadivo.com, $1661 (USD)
aaedesignstudio.com, $565 (USD)
aaelectronicsvc.com, $1803 (USD)
aaexceyes.com, Less than 200$
aafcapitaldevelopment.com, $1017 (USD)
aafeshome.com, $3869 (USD)
aagantutour.com, $3655 (USD)
aagout.com, $5746 (USD)
aaham.com, $2179 (USD)
aaharfoodproducts.com, $317 (USD)
aahelikon.com, $1398 (USD)
aahelikonconsulting.com, $1098 (USD)
aaiany.com, $479 (USD)
aaibodies.com, $8872 (USD)
aaintegrityhomeinspections.com, $496 (USD)
aajersey.com, $4765 (USD)
aajkamausam.com, $332 (USD)
aakarlordsinnsaputara.com, $1619 (USD)
aakiraetc.com, $3307 (USD)
aaleemode.com, $7818 (USD)
aalemalebda.com, Less than 200$
aalphayellowcabcorp.com, $4054 (USD)
aamachineandwelding.com, $392 (USD)
aamarshop.com, $16427 (USD)
aamcheecafe.com, $4010 (USD)
aamgroupltd.com, $453 (USD)
